graduating_class,student_group,region_as_report,country_or_area_for_map,school_as_report,listed_student_count,programs_as_report,programs_transcription_status,list_scope,source_screenshot,mapping_note
2025,中国学生,国内,中国内地,西湖大学,2,物理学（博士）；电子科学与技术（博士）,低分辨率截图手录，待高清原文复核,部分院校,IMG_8584(1).JPG,按原报告的国内分组保留香港院校
2025,中国学生,国内,中国香港,香港大学,2,环境管理；公共政策,低分辨率截图手录，待高清原文复核,部分院校,IMG_8584(1).JPG,按原报告的国内分组保留香港院校
2025,中国学生,国内,中国香港,香港科技大学,2,计算媒体与艺术（博士）；公共政策,低分辨率截图手录，待高清原文复核,部分院校,IMG_8584(1).JPG,按原报告的国内分组保留香港院校
2025,中国学生,国内,中国内地,中国科学技术大学,1,计算机科学与技术（博士）,低分辨率截图手录，待高清原文复核,部分院校,IMG_8584(1).JPG,按原报告的国内分组保留香港院校
2025,中国学生,国内,中国香港,香港理工大学,1,创新多媒体娱乐,低分辨率截图手录，待高清原文复核,部分院校,IMG_8584(1).JPG,按原报告的国内分组保留香港院校
2025,中国学生,亚洲其他地区,新加坡,新加坡国立大学,7,可持续医疗保健；战略分析与创新；市场营销分析与策略；战略传播学；环境管理,低分辨率截图手录，待高清原文复核,部分院校,IMG_8584(1).JPG,
2025,中国学生,亚洲其他地区,新加坡,杜克-新加坡国立大学医学院,1,整合生物学与医学（博士）,低分辨率截图手录，待高清原文复核,部分院校,IMG_8584(1).JPG,
2025,中国学生,亚洲其他地区,新加坡,南洋理工大学,2,机械与航空航天工程；计算机科学与工程（博士）,低分辨率截图手录，待高清原文复核,部分院校,IMG_8584(1).JPG,
2025,中国学生,北美洲,美国,杜克大学,30,德国研究（博士）；电子与计算机工程；工程管理；流行病学与开发与创新工程；风险工程；医学物理；经济学与计算科学；量化管理：商业分析；环境管理；管理学；全球健康；人口健康科学；实验与行为艺术；国际环境政策；批判人文研究,低分辨率截图手录，待高清原文复核,部分院校,IMG_8584(1).JPG,
2025,中国学生,北美洲,美国,哈佛大学,9,流行病学；计算生物与定量遗传学；学习设计、创新与技术；环境健康；教育政策分析；公共政策,低分辨率截图手录，待高清原文复核,部分院校,IMG_8584(1).JPG,
2025,中国学生,北美洲,美国,斯坦福大学,1,教育数据科学,低分辨率截图手录，待高清原文复核,部分院校,IMG_8584(1).JPG,
2025,中国学生,北美洲,美国,耶鲁大学,10,生物与生物医学（博士）；计算生物学和生物医学信息学；计算机科学；全球企业管理（M2M）；流行病学；环境健康科学；生物统计；健康政策,低分辨率截图手录，待高清原文复核,部分院校,IMG_8584(1).JPG,
2025,中国学生,北美洲,美国,芝加哥大学,3,社会科学；公共政策,低分辨率截图手录，待高清原文复核,部分院校,IMG_8584(1).JPG,
2025,中国学生,北美洲,美国,宾夕法尼亚大学,8,系统工程；社会政策与数据分析；东西语言与文明；应用数学与计算科学；跨学科人类发展研究；行为与决策科学；公共卫生,低分辨率截图手录，待高清原文复核,部分院校,IMG_8584(1).JPG,
2025,中国学生,北美洲,美国,西北大学,4,计算机工程；整合市场营销传播；管理学,低分辨率截图手录，待高清原文复核,部分院校,IMG_8584(1).JPG,
2025,中国学生,北美洲,美国,约翰·霍普金斯大学,9,流行病学；全球疾病流行病学与控制；医学院；公共管理；材料科学与工程；国际关系；传播学,低分辨率截图手录，待高清原文复核,部分院校,IMG_8584(1).JPG,
2025,中国学生,北美洲,美国,康奈尔大学,8,信息系统连接媒体方向双硕士；应用经济学与管理-国际管理双学位；金融工程；公共卫生（传染病流行病学）；应用经济学与管理学；生物统计与数据科学；健康政策与经济学；公共管理,低分辨率截图手录，待高清原文复核,部分院校,IMG_8585(1).JPG,
2025,中国学生,北美洲,美国,布朗大学,1,计算机科学,低分辨率截图手录，待高清原文复核,部分院校,IMG_8585(1).JPG,
2025,中国学生,北美洲,美国,达特茅斯学院,1,计算机科学,低分辨率截图手录，待高清原文复核,部分院校,IMG_8585(1).JPG,
2025,中国学生,北美洲,美国,哥伦比亚大学,23,生物统计；商业分析；计算机科学；统计学；金融数学；金融经济；计量社会科学；学习分析；公共管理；气候学；神经科学和教育；环境健康数据科学；可持续管理；市场营销科学；电影与媒体研究,低分辨率截图手录，待高清原文复核,部分院校,IMG_8585(1).JPG,
2025,中国学生,北美洲,美国,范德堡大学,1,数据科学,低分辨率截图手录，待高清原文复核,部分院校,IMG_8585(1).JPG,
2025,中国学生,北美洲,美国,密歇根大学安娜堡分校,8,电子与计算机工程；信息科学；管理学；环境与可持续发展；国际与区域研究（中国研究）,低分辨率截图手录，待高清原文复核,部分院校,IMG_8585(1).JPG,
2025,中国学生,北美洲,美国,卡内基梅隆大学,3,电子与计算机工程；计算数据科学；娱乐技术,低分辨率截图手录，待高清原文复核,部分院校,IMG_8585(1).JPG,
2025,中国学生,北美洲,美国,埃默里大学,1,商业分析,低分辨率截图手录，待高清原文复核,部分院校,IMG_8585(1).JPG,
2025,中国学生,北美洲,美国,乔治敦大学,2,公共政策,低分辨率截图手录，待高清原文复核,部分院校,IMG_8585(1).JPG,
2025,中国学生,北美洲,美国,弗吉尼亚大学,1,生物学（博士）,低分辨率截图手录，待高清原文复核,部分院校,IMG_8585(1).JPG,
2025,中国学生,北美洲,美国,加利福尼亚大学伯克利分校,4,分析学；工业工程与运筹（金融科技方向）；土木与环境工程；环境健康科学,低分辨率截图手录，待高清原文复核,部分院校,IMG_8585(1).JPG,
2025,中国学生,北美洲,美国,加利福尼亚大学戴维斯分校,1,护理科学与医疗领导力（博士）,低分辨率截图手录，待高清原文复核,部分院校,IMG_8585(1).JPG,
2025,中国学生,北美洲,美国,加利福尼亚大学旧金山分校,1,生物医学影像,低分辨率截图手录，待高清原文复核,部分院校,IMG_8585(1).JPG,
2025,中国学生,北美洲,美国,加利福尼亚大学圣迭戈分校,4,数据科学（博士）；电子与计算机工程；计算机科学与工程,低分辨率截图手录，待高清原文复核,部分院校,IMG_8585(1).JPG,
2025,中国学生,北美洲,美国,北卡罗来纳州立大学,1,电子工程-计算机科学（博士）,低分辨率截图手录，待高清原文复核,部分院校,IMG_8585(1).JPG,
2025,中国学生,北美洲,美国,南加利福尼亚大学,5,商业分析；分析学；传媒数据科学；数字社交媒体；市场营销,低分辨率截图手录，待高清原文复核,部分院校,IMG_8585(1).JPG,
2025,中国学生,北美洲,美国,德克萨斯大学奥斯汀分校,1,细胞分子生物学（博士）,低分辨率截图手录，待高清原文复核,部分院校,IMG_8585(1).JPG,
2025,中国学生,北美洲,美国,德克萨斯大学达拉斯分校,1,计算机科学（博士）,低分辨率截图手录，待高清原文复核,部分院校,IMG_8585(1).JPG,
2025,中国学生,北美洲,美国,华盛顿大学,4,生物统计；信息系统管理；人本设计与工程；公共管理,低分辨率截图手录，待高清原文复核,部分院校,IMG_8585(1).JPG,
2025,中国学生,北美洲,美国,纽约大学,7,交互式电信传播；管理与分析学；数学；媒体、文化与传播；组织管理与战略；心理学,低分辨率截图手录，待高清原文复核,部分院校,IMG_8585(1).JPG,
2025,中国学生,北美洲,美国,艺术中心设计学院,1,电影,低分辨率截图手录，待高清原文复核,部分院校,IMG_8585(1).JPG,
2025,中国学生,北美洲,美国,波士顿学院,1,化学（博士）,低分辨率截图手录，待高清原文复核,部分院校,IMG_8585(1).JPG,
2025,中国学生,北美洲,美国,威斯康星大学麦迪逊分校,1,临床康复咨询,低分辨率截图手录，待高清原文复核,部分院校,IMG_8585(1).JPG,
2025,中国学生,北美洲,加拿大,不列颠哥伦比亚大学,1,公共政策与全球事务,低分辨率截图手录，待高清原文复核,部分院校,IMG_8585(1).JPG,
2025,中国学生,北美洲,美国,波士顿大学,3,数学（博士）；数据科学,低分辨率截图手录，待高清原文复核,部分院校,IMG_8585(1).JPG,
2025,中国学生,北美洲,美国,罗切斯特大学,1,视觉与文化研究（博士）,低分辨率截图手录，待高清原文复核,部分院校,IMG_8585(1).JPG,
2025,中国学生,北美洲,美国,威廉与玛丽学院,1,心理学,低分辨率截图手录，待高清原文复核,部分院校,IMG_8585(1).JPG,
2025,中国学生,北美洲,美国,宾夕法尼亚州立大学,1,生物化学、微生物学和分子生物学（博士）,低分辨率截图手录，待高清原文复核,部分院校,IMG_8585(1).JPG,
2025,中国学生,北美洲,美国,密歇根州立大学,1,遗传和基因组科学（博士）,低分辨率截图手录，待高清原文复核,部分院校,IMG_8585(1).JPG,
2025,中国学生,北美洲,美国,科罗拉多大学博尔德分校,1,数学（博士）,低分辨率截图手录，待高清原文复核,部分院校,IMG_8585(1).JPG,
2025,中国学生,北美洲,美国,Irell & Manella Graduate School of Biological Sciences at City of Hope,1,转化医学,低分辨率截图手录，待高清原文复核,部分院校,IMG_8585(1).JPG,
2025,中国学生,北美洲,加拿大,莱斯布里奇大学,1,生物科学,低分辨率截图手录，待高清原文复核,部分院校,IMG_8585(1).JPG,
2025,中国学生,欧洲或其他地区,英国,帝国理工学院,3,风险管理与金融工程；战略营销,低分辨率截图手录，待高清原文复核,部分院校,IMG_8585(1).JPG,原报告把澳大利亚列在欧洲或其他地区
2025,中国学生,欧洲或其他地区,英国,伦敦大学学院,1,哲学,低分辨率截图手录，待高清原文复核,部分院校,IMG_8585(1).JPG,原报告把澳大利亚列在欧洲或其他地区
2025,中国学生,欧洲或其他地区,英国,伦敦商学院,1,金融分析,低分辨率截图手录，待高清原文复核,部分院校,IMG_8585(1).JPG,原报告把澳大利亚列在欧洲或其他地区
2025,中国学生,欧洲或其他地区,德国,汉堡大学,2,物理学；数学物理学,低分辨率截图手录，待高清原文复核,部分院校,IMG_8585(1).JPG,原报告把澳大利亚列在欧洲或其他地区
2025,中国学生,欧洲或其他地区,澳大利亚,澳大利亚国立大学,1,计算机科学,低分辨率截图手录，待高清原文复核,部分院校,IMG_8585(1).JPG,原报告把澳大利亚列在欧洲或其他地区
2025,中国学生,欧洲或其他地区,澳大利亚,悉尼大学,2,数据科学；公共卫生,低分辨率截图手录，待高清原文复核,部分院校,IMG_8585(1).JPG,原报告把澳大利亚列在欧洲或其他地区
2025,中国学生,欧洲或其他地区,澳大利亚,新南威尔士大学,1,商业管理,低分辨率截图手录，待高清原文复核,部分院校,IMG_8585(1).JPG,原报告把澳大利亚列在欧洲或其他地区
2025,国际学生,亚洲,中国内地,北京大学,4,,原图未列该校专业,部分院校,IMG_8587(1).JPG,
2025,国际学生,亚洲,中国内地,清华大学,1,,原图未列该校专业,部分院校,IMG_8587(1).JPG,
2025,国际学生,亚洲,中国内地,上海交通大学,1,,原图未列该校专业,部分院校,IMG_8587(1).JPG,
2025,国际学生,亚洲,中国香港,香港浸会大学,1,,原图未列该校专业,部分院校,IMG_8587(1).JPG,
2025,国际学生,亚洲,中国内地,苏州大学,1,,原图未列该校专业,部分院校,IMG_8587(1).JPG,
2025,国际学生,亚洲,沙特阿拉伯,阿卜杜拉国王科技大学,1,,原图未列该校专业,部分院校,IMG_8587(1).JPG,
2025,国际学生,北美洲,美国,杜克大学,5,,原图未列该校专业,部分院校,IMG_8587(1).JPG,
2025,国际学生,北美洲,美国,芝加哥大学,2,,原图未列该校专业,部分院校,IMG_8587(1).JPG,
2025,国际学生,北美洲,美国,哥伦比亚大学,2,,原图未列该校专业,部分院校,IMG_8587(1).JPG,
2025,国际学生,北美洲,美国,达特茅斯学院,2,,原图未列该校专业,部分院校,IMG_8587(1).JPG,
2025,国际学生,北美洲,美国,纽约大学,2,,原图未列该校专业,部分院校,IMG_8587(1).JPG,
2025,国际学生,北美洲,美国,北卡罗来纳大学教堂山分校,2,,原图未列该校专业,部分院校,IMG_8587(1).JPG,
2025,国际学生,北美洲,美国,耶鲁大学,1,,原图未列该校专业,部分院校,IMG_8587(1).JPG,原图标注直博
2025,国际学生,北美洲,美国,南卡罗来纳大学,1,,原图未列该校专业,部分院校,IMG_8587(1).JPG,原图标注直博
2025,国际学生,北美洲,美国,密歇根大学安娜堡分校,1,,原图未列该校专业,部分院校,IMG_8587(1).JPG,
2025,国际学生,北美洲,美国,加利福尼亚大学圣迭戈分校,1,,原图未列该校专业,部分院校,IMG_8587(1).JPG,
2025,国际学生,北美洲,美国,伊利诺伊大学芝加哥分校,1,,原图未列该校专业,部分院校,IMG_8587(1).JPG,
2025,国际学生,北美洲,加拿大,麦吉尔大学,1,,原图未列该校专业,部分院校,IMG_8587(1).JPG,
2025,国际学生,欧洲,英国,牛津布鲁克斯大学,1,,原图未列该校专业,部分院校,IMG_8587(1).JPG,原图标注直博
2025,国际学生,欧洲,英国,剑桥大学,1,,原图未列该校专业,部分院校,IMG_8587(1).JPG,
2025,国际学生,欧洲,英国,牛津大学,1,,原图未列该校专业,部分院校,IMG_8587(1).JPG,
2025,国际学生,欧洲,跨国项目,伊拉斯谟世界计划,1,,原图未列该校专业,部分院校,IMG_8587(1).JPG,跨国项目，不能作为单个校园点位
2025,国际学生,欧洲,英国,帝国理工学院,1,,原图未列该校专业,部分院校,IMG_8587(1).JPG,
2025,国际学生,欧洲,法国,巴黎萨克雷大学,1,,原图未列该校专业,部分院校,IMG_8587(1).JPG,
2025,国际学生,欧洲,荷兰,伊拉斯姆斯大学,1,,原图未列该校专业,部分院校,IMG_8587(1).JPG,学校标识为 Erasmus University Rotterdam
2025,国际学生,欧洲,英国,华威大学,1,,原图未列该校专业,部分院校,IMG_8587(1).JPG,
2025,国际学生,欧洲,瑞士,洛桑联邦理工学院,1,,原图未列该校专业,部分院校,IMG_8587(1).JPG,
2025,国际学生,欧洲,奥地利,维也纳大学,1,,原图未列该校专业,部分院校,IMG_8587(1).JPG,
2025,国际学生,欧洲,爱尔兰,都柏林大学,1,,原图未列该校专业,部分院校,IMG_8587(1).JPG,原图标识为 UCD
2025,国际学生,欧洲,爱尔兰,爱尔兰皇家外科医学院,2,,原图未列该校专业,部分院校,IMG_8587(1).JPG,
