section,cluster_name,count
A 21st Century Curriculum,Academic Procedures and Student Life,1
A Liberal Arts College Experience,Academic Procedures and Student Life,1
Academic Advising,Academic Procedures and Student Life,6
Academic Advising and Support,Academic Procedures and Student Life,1
Academic Calendar 2021-22,Academic Community and Student Support,38
Academic Calendar 2021-22,Academic Credits and Graduation,1
Academic Calendar 2021-22,"Politics, Culture and Public Policy",1
Academic Integrity,Academic Community and Student Support,4
Academic Integrity,Academic Procedures and Student Life,2
Academic Recognition and Honors,Academic Credits and Graduation,5
Academic Recognition and Honors,Academic Procedures and Student Life,1
Academic Resource Center,Academic Community and Student Support,2
Academic Resource Center,Academic Credits and Graduation,1
Academic Resource Center,Academic Procedures and Student Life,2
"Academic Warning, Probation, and Suspension for Students in the Class of 2025 and Beyond",Academic Community and Student Support,10
"Academic Warning, Probation, and Suspension for Students in the Classes of 2022-2024",Academic Community and Student Support,12
Accommodations,Academic Community and Student Support,2
Accommodations,Academic Procedures and Student Life,1
Animating Principles,Academic Procedures and Student Life,1
Animating Principles,"China, Language and Global Education",7
Application Requirements,Academic Credits and Graduation,3
Application Timelines,Academic Community and Student Support,2
Application Timelines,Academic Credits and Graduation,1
Application Timelines,Academic Procedures and Student Life,1
Arts and Culture,Academic Procedures and Student Life,2
Athletics & University Sports,Academic Community and Student Support,1
Athletics & University Sports,Academic Procedures and Student Life,5
Athletics & University Sports,"Quantitative, Data and Computing",1
Blue Oasis Student Center,Academic Procedures and Student Life,2
Campus Engagement,Academic Procedures and Student Life,1
Campus Health Clinic,Academic Community and Student Support,2
Campus Programs,Academic Procedures and Student Life,4
Career Services,Academic Calendar and Attendance,1
Career Services,Academic Community and Student Support,2
Career Services,Academic Procedures and Student Life,7
Career Services,"China, Language and Global Education",1
Career Services,"Politics, Culture and Public Policy",1
Changes in Status,Academic Community and Student Support,9
Changes in Status,Academic Credits and Graduation,1
Changes in Status,Academic Procedures and Student Life,3
Chinese Student Services and Student Mobility,Academic Credits and Graduation,1
Chinese Student Services and Student Mobility,Academic Procedures and Student Life,2
Class Attendance and Missed Work,Academic Community and Student Support,4
Class Scheduling,Academic Community and Student Support,2
Compliance with Academic Regulations,Academic Community and Student Support,1
Counseling and Psychological Services (CAPS),Academic Procedures and Student Life,2
Counseling and Psychological Services (CAPS),"China, Language and Global Education",1
Course Audit,Academic Community and Student Support,2
Course Audit,Academic Procedures and Student Life,1
Course Descriptions,Academic Calendar and Attendance,113
Course Descriptions,Academic Community and Student Support,1
Course Descriptions,Academic Credits and Graduation,92
Course Descriptions,Academic Procedures and Student Life,2
Course Descriptions,"Arts, Media and Digital Practice",168
Course Descriptions,"China, Language and Global Education",256
Course Descriptions,"Politics, Culture and Public Policy",163
Course Descriptions,"Quantitative, Data and Computing",111
Course Repeat,Academic Community and Student Support,3
Course Repeat,Academic Credits and Graduation,2
Course Repeat,Academic Procedures and Student Life,1
Declaration of Major,Academic Procedures and Student Life,2
Degree Requirements,Academic Community and Student Support,1
Degree Requirements,Academic Credits and Graduation,22
Degree Requirements,Academic Procedures and Student Life,11
Degree Requirements,"China, Language and Global Education",6
Degree Requirements,"Politics, Culture and Public Policy",1
Dual Degrees,Academic Procedures and Student Life,1
Education Records,Academic Community and Student Support,1
Education Records,Academic Procedures and Student Life,3
Eligibility for Courses,Academic Community and Student Support,1
Eligibility for Courses,Academic Credits and Graduation,5
Entrance Credit and Placement,Academic Community and Student Support,2
Entrance Credit and Placement,Academic Credits and Graduation,6
Entrance Credit and Placement,Academic Procedures and Student Life,8
Estimated Expenses,Academic Calendar and Attendance,2
Estimated Expenses,Academic Community and Student Support,13
Estimated Expenses,Academic Credits and Graduation,3
Estimated Expenses,Academic Procedures and Student Life,1
Exclusion of Disruptive Students from a Course,Academic Community and Student Support,2
Final Examinations,Academic Community and Student Support,4
General Information,Academic Procedures and Student Life,1
General Information,"Arts, Media and Digital Practice",1
General Information,"China, Language and Global Education",2
Grade Review Procedure,Academic Community and Student Support,5
Grade Review Procedure,Academic Procedures and Student Life,1
Grading and Grade Requirements,Academic Community and Student Support,10
Grading and Grade Requirements,Academic Credits and Graduation,6
Grading and Grade Requirements,Academic Procedures and Student Life,5
Graduation and Commencement,Academic Community and Student Support,1
Host Family Program,Academic Procedures and Student Life,2
How to Apply,Academic Procedures and Student Life,1
Incomplete Coursework and Excused Absence from Final Exam,Academic Community and Student Support,4
Incomplete Coursework and Excused Absence from Final Exam,Academic Procedures and Student Life,1
Independent Studies,Academic Credits and Graduation,2
International Student Services,Academic Procedures and Student Life,2
Key Components,Academic Community and Student Support,2
Key Components,Academic Credits and Graduation,11
Key Components,Academic Procedures and Student Life,3
Key Components,"China, Language and Global Education",1
Leadership Development,"China, Language and Global Education",2
Majors (listed in alphabetical order),Academic Calendar and Attendance,31
Majors (listed in alphabetical order),Academic Credits and Graduation,7
Majors (listed in alphabetical order),Academic Procedures and Student Life,1
Majors (listed in alphabetical order),"Arts, Media and Digital Practice",59
Majors (listed in alphabetical order),"China, Language and Global Education",33
Majors (listed in alphabetical order),"Politics, Culture and Public Policy",59
Majors (listed in alphabetical order),"Quantitative, Data and Computing",32
Mission Statement,Academic Procedures and Student Life,1
Notification and Responses,Academic Community and Student Support,1
Notification of Intention to Graduate,Academic Procedures and Student Life,1
Office of Global Education and Study Away,Academic Community and Student Support,8
Office of Global Education and Study Away,Academic Procedures and Student Life,17
Overview,Academic Procedures and Student Life,2
Overview,"China, Language and Global Education",3
Partners,Academic Calendar and Attendance,1
Partners,Academic Procedures and Student Life,9
Principles of Selection,Academic Procedures and Student Life,2
Procedure for Resolution of Students' Academic Concerns,Academic Community and Student Support,4
Procedure for Resolution of Students' Academic Concerns,Academic Procedures and Student Life,2
Progress toward Degree,Academic Community and Student Support,4
Progress toward Degree,Academic Procedures and Student Life,1
Refund,Academic Community and Student Support,12
Registration,Academic Community and Student Support,7
Registration,Academic Procedures and Student Life,1
Religious Holidays,Academic Community and Student Support,1
Religious Holidays,Academic Procedures and Student Life,1
Requirements for All Majors,Academic Credits and Graduation,8
Residence Life,Academic Procedures and Student Life,3
Scholarships and Financial Aid,Academic Community and Student Support,3
Scholarships and Financial Aid,Academic Procedures and Student Life,3
Seven Principles of Duke Kunshan University Academic Advising,Academic Procedures and Student Life,5
Seven Principles of Duke Kunshan University Academic Advising,"China, Language and Global Education",2
Statement on Diversity and Inclusion,Academic Procedures and Student Life,1
Statement on Diversity and Inclusion,"China, Language and Global Education",1
Student Affairs,Academic Procedures and Student Life,1
Student Affairs,"China, Language and Global Education",1
Student Affairs Conceptual Framework,Academic Procedures and Student Life,1
Student Affairs Conceptual Framework,"China, Language and Global Education",2
Student Clubs and Organizations,Academic Procedures and Student Life,2
Student Conduct,Academic Community and Student Support,2
Student Conduct,Academic Procedures and Student Life,2
Student Research Opportunities,Academic Procedures and Student Life,3
Submission of Term Paper,Academic Credits and Graduation,1
The Provision of Academic Information to Parents and Guardians,Academic Community and Student Support,1
Time Limit for Completing Undergraduate Degree,Academic Procedures and Student Life,1
Transfer of Work Taken Elsewhere,Academic Procedures and Student Life,11
Tuition and Fees,Academic Procedures and Student Life,2
Two-Credit Writing Courses,Academic Credits and Graduation,1
Undergraduate Course Load,Academic Community and Student Support,13
Undergraduate Course Load,Academic Credits and Graduation,1
Undergraduate Course Load,Academic Procedures and Student Life,1
Useful Contacts,Academic Procedures and Student Life,1
Who We Are,Academic Procedures and Student Life,7
Who We Are,"China, Language and Global Education",1
