chapter,section,passage_count
Part 10: Majors and Courses,Course Descriptions,721
Part 11: Academic Calendar 2021-22,Academic Calendar 2021-22,39
Part 3: The Curriculum,General Education Requirements,25
Part 6: Academic Procedures and Information,Undergraduate Course Load,23
Part 10: Majors and Courses,Major Requirements,12
"Part 8: Career Services, Study Away, and Research Opportunities",Career Services,12
Part 7: Academic Advising and Support,Academic Resource Center,12
"Part 8: Career Services, Study Away, and Research Opportunities",Student Research Opportunities,11
Part 6: Academic Procedures and Information,Academic Probation,11
Part 3: The Curriculum,Core Components,10
Part 10: Majors and Courses,Moving Images,10
Part 3: The Curriculum,Thematic Courses,10
Part 6: Academic Procedures and Information,Education Records,10
Part 6: Academic Procedures and Information,Grade Review Procedure,9
Part 6: Academic Procedures and Information,Prematriculation Credit,9
Part 1: General Information,Animating Principles,9
Part 6: Academic Procedures and Information,Academic Suspension,9
Part 6: Academic Procedures and Information,Credit (CR/NC) Grading System.),9
Part 1: General Information,Wuhan University,9
"Part 8: Career Services, Study Away, and Research Opportunities",Study Away at Duke University,9
Part 9: Student Affairs and Campus Life,"Service, Cultural, General Interest, Professional and Academic, Sports, and Student-Run",9
"Part 4: Admission, Scholarships and Financial Aid",Joint Entrance Exam (JEE); or,8
Part 6: Academic Procedures and Information,Grade Point Average,8
Part 6: Academic Procedures and Information,Academic Integrity,8
Part 5: Financial Information,Withdraw Date,8
Part 6: Academic Procedures and Information,Class Scheduling,7
Part 6: Academic Procedures and Information,Involuntary Withdrawal,7
Part 1: General Information,Who We Are,7
Part 6: Academic Procedures and Information,Time Limit for Completing Undergraduate Degree,7
Part 9: Student Affairs and Campus Life,Residence Life,6
Part 10: Majors and Courses,Required Experiential Learning,6
Part 6: Academic Procedures and Information,Course Repeat,6
Part 7: Academic Advising and Support,Academic Advising,6
Part 6: Academic Procedures and Information,Work Taken During High School,6
Part 3: The Curriculum,The Curriculum,6
Part 5: Financial Information,Restriction on Past Due Accounts,6
Part 6: Academic Procedures and Information,Final Examinations,5
Part 6: Academic Procedures and Information,Independent Studies,5
Part 3: The Curriculum,Non-Credit Mini-Term Courses,5
Part 3: The Curriculum,Key Components,5
Part 10: Majors and Courses,Quantitative Reasoning Course Requirement 4,5
Part 9: Student Affairs and Campus Life,Campus Programs,5
Part 5: Financial Information,Student Bills,5
Part 6: Academic Procedures and Information,Satisfactory Performance Each Term (Term Credit Requirements),4
Part 6: Academic Procedures and Information,Class Attendance and Missed Work,4
"Part 8: Career Services, Study Away, and Research Opportunities",Course Approval and Credit Transfer,4
Part 9: Student Affairs and Campus Life,Student Conduct,4
Part 10: Majors and Courses,Public Policy,4
Part 10: Majors and Courses,East Asia,4
Part 5: Financial Information,(Kunshan) (Kunshan),4
Part 1: General Information,General Information,4
Part 9: Student Affairs and Campus Life,Campus Engagement,3
Part 10: Majors and Courses,Data Science,3
Part 6: Academic Procedures and Information,Course Audit,3
Part 10: Majors and Courses,"Genomes, Traits, Behaviors and Societies",3
Part 6: Academic Procedures and Information,Latin Honors,3
Part 1: General Information,Mission Statement,3
Part 6: Academic Procedures and Information,Academic Warning,3
"Part 4: Admission, Scholarships and Financial Aid",SAT Subject Tests,3
Part 9: Student Affairs and Campus Life,Counseling and Psychological Services (CAPS),3
Part 6: Academic Procedures and Information,The W and WA Designations,3
Part 10: Majors and Courses,The Modern Regulatory State 4,3
Part 6: Academic Procedures and Information,Voluntary Withdrawal,3
Part 9: Student Affairs and Campus Life,Chinese Student Services and Student Mobility,3
Part 6: Academic Procedures and Information,Dean's List,3
Part 5: Financial Information,Estimated Expenses,2
Part 9: Student Affairs and Campus Life,Blue Oasis Student Center,2
Part 6: Academic Procedures and Information,Passing Grades,2
Part 1: General Information,Duke University,2
Part 5: Financial Information,Financial Information,2
Part 6: Academic Procedures and Information,Transfer of Work Taken Elsewhere,2
Part 6: Academic Procedures and Information,Undergraduate Status,2
Part 6: Academic Procedures and Information,Religious Holidays,2
Part 6: Academic Procedures and Information,Failing Grades,2
Part 3: The Curriculum,Course Credits,2
Part 9: Student Affairs and Campus Life,Campus Health Clinic,2
"Part 4: Admission, Scholarships and Financial Aid","Admission, Scholarships and Financial Aid",2
Part 6: Academic Procedures and Information,Undergraduate Degree.),2
Part 9: Student Affairs and Campus Life,Host Family Program,2
Part 6: Academic Procedures and Information,College Board Advanced Placement Program (AP) Examinations,2
Part 9: Student Affairs and Campus Life,International Student Services,2
Part 9: Student Affairs and Campus Life,Leadership Development,2
"Part 4: Admission, Scholarships and Financial Aid",Regular Decision (International Students),2
Part 6: Academic Procedures and Information,(See section on Satisfactory Performance Each Term (Term Credit Requirements).),2
Part 5: Financial Information,Campus Deposit,2
Part 9: Student Affairs and Campus Life,Student Affairs,2
Part 9: Student Affairs and Campus Life,Student Affairs Conceptual Framework,2
Part 5: Financial Information,Health Insurance,2
"Part 8: Career Services, Study Away, and Research Opportunities",Other Study Away Programs,2
Part 10: Majors and Courses,Disciplinary Courses,1
Part 10: Majors and Courses,Environmental Sustainability Concentration Courses,1
"Part 8: Career Services, Study Away, and Research Opportunities",Study Away Opportunities,1
Part 9: Student Affairs and Campus Life,Core Values,1
Part 10: Majors and Courses,Course Cluster II,1
Part 10: Majors and Courses,Majors and Courses,1
Part 1: General Information,Dual Degrees,1
Part 7: Academic Advising and Support,Academic Advising and Support,1
"Part 4: Admission, Scholarships and Financial Aid",Application Requirements,1
Part 5: Financial Information,Residence Charge,1
Part 5: Financial Information,Enrollment Deposit,1
Part 5: Financial Information,Study Away Costs,1
Part 10: Majors and Courses,Code Credit,1
"Part 4: Admission, Scholarships and Financial Aid","Regular Decision (Hong Kong, Macau, Taiwan & Overseas Chinese Students)",1
"Part 4: Admission, Scholarships and Financial Aid",Regular Decision (Chinese Mainland Students),1
"Part 4: Admission, Scholarships and Financial Aid",Early Decision (International Students only),1
"Part 4: Admission, Scholarships and Financial Aid",Application Timelines,1
Part 6: Academic Procedures and Information,Forfeiture of Precollege Credit Awarded,1
Part 12: Useful Contacts,Useful Contacts,1
Part 6: Academic Procedures and Information,Full-time and Part-time Degree Status,1
Part 3: The Curriculum,Physical Proficiency Testa,1
Part 6: Academic Procedures and Information,International Placement Credit (IPC),1
Part 6: Academic Procedures and Information,Other Placement Tests,1
Part 1: General Information,A Liberal Arts College Experience,1
Part 6: Academic Procedures and Information,Transfer Credit for Foreign Language,1
Part 6: Academic Procedures and Information,Two-Credit Writing Courses,1
Part 12: Useful Contacts, Intl-admissions@dukekunshan.edu.cn (Duke Kunshan International Admissions),1
Part 10: Majors and Courses,Applied Mathematics and Computational Sciences/Computer Science,1
